-- phpMyAdmin SQL Dump
-- version 5.2.1
-- https://www.phpmyadmin.net/
--
-- Host: 127.0.0.1:3306
-- Generation Time: Mar 21, 2024 at 08:49 AM
-- Server version: 8.2.0
-- PHP Version: 8.2.13

SET SQL_MODE = "NO_AUTO_VALUE_ON_ZERO";
START TRANSACTION;
SET time_zone = "+00:00";


/*!40101 SET @OLD_CHARACTER_SET_CLIENT=@@CHARACTER_SET_CLIENT */;
/*!40101 SET @OLD_CHARACTER_SET_RESULTS=@@CHARACTER_SET_RESULTS */;
/*!40101 SET @OLD_COLLATION_CONNECTION=@@COLLATION_CONNECTION */;
/*!40101 SET NAMES utf8mb4 */;

--
-- Database: `ecommerce_db`
--

-- --------------------------------------------------------

--
-- Table structure for table `product`
--

DROP TABLE IF EXISTS `product`;
CREATE TABLE IF NOT EXISTS `product` (
  `product_id` varchar(255) NOT NULL,
  `brand` varchar(255) DEFAULT NULL,
  `category` varchar(255) DEFAULT NULL,
  PRIMARY KEY (`product_id`),
  KEY `brand` (`brand`),
  KEY `category` (`category`)
) ENGINE=InnoDB DEFAULT CHARSET=utf8mb4 COLLATE=utf8mb4_0900_ai_ci;

--
-- Dumping data for table `product`
--

INSERT INTO `product` (`product_id`, `brand`, `category`) VALUES
('BB-21447468510', 'Babyom', 'Babies'),
('BB-21447468511', 'Babyom', 'Babies'),
('BB-21447468512', 'Babyom', 'Babies'),
('BB-21447468513', 'Babyom', 'Babies'),
('BB-21447468514', 'Babyom', 'Babies'),
('BB-21447468515', 'Babyom', 'Babies'),
('BB-21447468516', 'Babyom', 'Babies'),
('BB-21447468517', 'Babyom', 'Babiesd'),
('BB-21447468518', 'Babyom', 'Babiesd'),
('BB-21447468519', 'Babyom', 'Babiesd'),
('BB-21447468520', 'Babyom', 'Babiesd'),
('BB-21447468521', 'Babyom', 'Babiesd'),
('BB-21447468522', 'Babyom', 'Babiesd'),
('BB-21447468523', 'Babyom', 'Babiesd');

-- --------------------------------------------------------

--
-- Table structure for table `shopper`
--

DROP TABLE IF EXISTS `shopper`;
CREATE TABLE IF NOT EXISTS `shopper` (
  `shopper_id` varchar(255) NOT NULL,
  PRIMARY KEY (`shopper_id`)
) ENGINE=InnoDB DEFAULT CHARSET=utf8mb4 COLLATE=utf8mb4_0900_ai_ci;

--
-- Dumping data for table `shopper`
--

INSERT INTO `shopper` (`shopper_id`) VALUES
('S-1000'),
('S-1001');

-- --------------------------------------------------------

--
-- Table structure for table `shopper_product_relevance`
--

DROP TABLE IF EXISTS `shopper_product_relevance`;
CREATE TABLE IF NOT EXISTS `shopper_product_relevance` (
  `id` bigint NOT NULL AUTO_INCREMENT,
  `relevancy_score` double NOT NULL,
  `product_id` varchar(255) DEFAULT NULL,
  `shopper_id` varchar(255) DEFAULT NULL,
  PRIMARY KEY (`id`),
  KEY `FK3ph5nojbog6grovlbfeqhpa38` (`product_id`),
  KEY `FK5ittmkovqf1dn7p61utih2yk9` (`shopper_id`)
) ENGINE=InnoDB AUTO_INCREMENT=112 DEFAULT CHARSET=utf8mb4 COLLATE=utf8mb4_0900_ai_ci;

--
-- Dumping data for table `shopper_product_relevance`
--

INSERT INTO `shopper_product_relevance` (`id`, `relevancy_score`, `product_id`, `shopper_id`) VALUES
(31, 31.089209569320897, 'BB-21447468510', 'S-1000'),
(32, 55.16626010671777, 'BB-21447468511', 'S-1000'),
(33, 73.01492966268303, 'BB-21447468512', 'S-1000'),
(34, 31.089209569320897, 'BB-21447468510', 'S-1000'),
(35, 55.16626010671777, 'BB-21447468511', 'S-1000'),
(36, 73.01492966268303, 'BB-21447468512', 'S-1000'),
(37, 31.089209569320897, 'BB-21447468510', 'S-1000'),
(38, 55.16626010671777, 'BB-21447468511', 'S-1000'),
(39, 73.01492966268303, 'BB-21447468512', 'S-1000'),
(40, 31.089209569320897, 'BB-21447468510', 'S-1000'),
(41, 55.16626010671777, 'BB-21447468511', 'S-1000'),
(42, 73.01492966268303, 'BB-21447468512', 'S-1000'),
(43, 31.089209569320897, 'BB-21447468510', 'S-1000'),
(44, 55.16626010671777, 'BB-21447468511', 'S-1000'),
(45, 73.01492966268303, 'BB-21447468512', 'S-1000'),
(46, 31.089209569320897, 'BB-21447468510', 'S-1000'),
(47, 55.16626010671777, 'BB-21447468511', 'S-1000'),
(48, 73.01492966268303, 'BB-21447468512', 'S-1000'),
(49, 31.089209569320897, 'BB-21447468510', 'S-1001'),
(50, 55.16626010671777, 'BB-21447468511', 'S-1001'),
(51, 73.01492966268303, 'BB-21447468512', 'S-1001'),
(52, 31.089209569320897, 'BB-21447468510', 'S-1001'),
(53, 55.16626010671777, 'BB-21447468511', 'S-1001'),
(54, 73.01492966268303, 'BB-21447468512', 'S-1001'),
(55, 31.089209569320897, 'BB-21447468510', 'S-1001'),
(56, 55.16626010671777, 'BB-21447468511', 'S-1001'),
(57, 73.01492966268303, 'BB-21447468512', 'S-1001'),
(58, 31.089209569320897, 'BB-21447468510', 'S-1000'),
(59, 55.16626010671777, 'BB-21447468511', 'S-1000'),
(60, 73.01492966268303, 'BB-21447468512', 'S-1000'),
(61, 31.089209569320897, 'BB-21447468510', 'S-1000'),
(62, 55.16626010671777, 'BB-21447468511', 'S-1000'),
(63, 73.01492966268303, 'BB-21447468512', 'S-1000'),
(64, 31.089209569320897, 'BB-21447468510', 'S-1000'),
(65, 55.16626010671777, 'BB-21447468511', 'S-1000'),
(66, 73.01492966268303, 'BB-21447468512', 'S-1000'),
(67, 31.089209569320897, 'BB-21447468510', 'S-1000'),
(68, 55.16626010671777, 'BB-21447468511', 'S-1000'),
(69, 73.01492966268303, 'BB-21447468512', 'S-1000'),
(70, 31.089209569320897, 'BB-21447468510', 'S-1000'),
(71, 55.16626010671777, 'BB-21447468511', 'S-1000'),
(72, 73.01492966268303, 'BB-21447468512', 'S-1000'),
(73, 31.089209569320897, 'BB-21447468510', 'S-1000'),
(74, 55.16626010671777, 'BB-21447468511', 'S-1000'),
(75, 73.01492966268303, 'BB-21447468512', 'S-1000'),
(76, 31.089209569320897, 'BB-21447468510', 'S-1000'),
(77, 55.16626010671777, 'BB-21447468511', 'S-1000'),
(78, 73.01492966268303, 'BB-21447468512', 'S-1000'),
(79, 31.089209569320897, 'BB-21447468510', 'S-1000'),
(80, 55.16626010671777, 'BB-21447468511', 'S-1000'),
(81, 73.01492966268303, 'BB-21447468512', 'S-1000'),
(82, 31.089209569320897, 'BB-21447468510', 'S-1000'),
(83, 55.16626010671777, 'BB-21447468511', 'S-1000'),
(84, 73.01492966268303, 'BB-21447468512', 'S-1000'),
(85, 31.089209569320897, 'BB-21447468518', 'S-1000'),
(86, 55.16626010671777, 'BB-21447468519', 'S-1000'),
(87, 73.01492966268303, 'BB-21447468520', 'S-1000'),
(88, 31.089209569320897, 'BB-21447468518', 'S-1000'),
(89, 55.16626010671777, 'BB-21447468519', 'S-1000'),
(90, 73.01492966268303, 'BB-21447468520', 'S-1000'),
(91, 31.089209569320897, 'BB-21447468518', 'S-1000'),
(92, 55.16626010671777, 'BB-21447468519', 'S-1000'),
(93, 73.01492966268303, 'BB-21447468520', 'S-1000'),
(94, 31.089209569320897, 'BB-21447468518', 'S-1000'),
(95, 55.16626010671777, 'BB-21447468519', 'S-1000'),
(96, 73.01492966268303, 'BB-21447468520', 'S-1000'),
(97, 31.089209569320897, 'BB-21447468518', 'S-1000'),
(98, 55.16626010671777, 'BB-21447468519', 'S-1000'),
(99, 73.01492966268303, 'BB-21447468520', 'S-1000'),
(100, 31.089209569320897, 'BB-21447468518', 'S-1000'),
(101, 55.16626010671777, 'BB-21447468519', 'S-1000'),
(102, 73.01492966268303, 'BB-21447468520', 'S-1000'),
(103, 31.089209569320897, 'BB-21447468518', 'S-1000'),
(104, 55.16626010671777, 'BB-21447468519', 'S-1000'),
(105, 73.01492966268303, 'BB-21447468520', 'S-1000'),
(106, 31.089209569320897, 'BB-21447468518', 'S-1000'),
(107, 55.16626010671777, 'BB-21447468519', 'S-1000'),
(108, 73.01492966268303, 'BB-21447468520', 'S-1000'),
(109, 31.089209569320897, 'BB-21447468518', 'S-1000'),
(110, 55.16626010671777, 'BB-21447468519', 'S-1000'),
(111, 73.01492966268303, 'BB-21447468520', 'S-1000');

--
-- Constraints for dumped tables
--

--
-- Constraints for table `shopper_product_relevance`
--
ALTER TABLE `shopper_product_relevance`
  ADD CONSTRAINT `FK3ph5nojbog6grovlbfeqhpa38` FOREIGN KEY (`product_id`) REFERENCES `product` (`product_id`),
  ADD CONSTRAINT `FK5ittmkovqf1dn7p61utih2yk9` FOREIGN KEY (`shopper_id`) REFERENCES `shopper` (`shopper_id`);
COMMIT;

/*!40101 SET CHARACTER_SET_CLIENT=@OLD_CHARACTER_SET_CLIENT */;
/*!40101 SET CHARACTER_SET_RESULTS=@OLD_CHARACTER_SET_RESULTS */;
/*!40101 SET COLLATION_CONNECTION=@OLD_COLLATION_CONNECTION */;
